file,bytes,sha256
servers.csv.gz,4020680,7d1ab96817d5e567da9655bade0643a6a41846fd4931b779ae60f71d98e2cc23
features_server.csv.gz,333672,59d649cec5489848830b17bb5f8a122bd97ead3f825eee83916af7c383dd0c54
tools.csv.gz,49347005,06fb33fbd6e87a302cba478c500970e905db790d1231ab94fa4b6b5f8d8c58d6
downloads_weekly.csv.gz,331269,000d8cee90176f7d61b433a43dd3d84360343c0a54a9e0cd5acbc230825d1f16
packages.csv.gz,420786,da4489f49bca2833d2520cf620a35c17f6d6431c2144501beb0e8408d7667a86
packages_enriched.csv.gz,176153,5c9f1789fc32cc850cb133f3e7bf8a959135cc6e3bb4e4c34fe89f3cc1a03cb8
repos.csv.gz,345267,302ca2c7dd5f5f3e3350cd5cc318e5e691fbba2b989bd2fa589612e9d25093d7
probe_log.csv.gz,639810,dd69290a307089e1565bce893309a90beb62029c0815e944dc68a6986742dcfd
tool_versions.csv.gz,34212,93797c901213a4e6f94735245417f82d412399840dba68cd0bd1db293fd29b0f
sample_flow.csv.gz,1811,4651d6d97da5bb2f2ebc158fbdc7b5df7195896c8fc7c685381ddc264045531b
validation_sample_filled.csv.gz,117499,dc008da7df06742d52634cb1928c9eed43cd135ff635465263a9c596785fbeb3
vendor_validation_sample_filled.csv.gz,10389,0cbf227f6c927db672fbad4b2a095174576769312f68a14d1bf6ad44fb84ff57
